name,category,region,store_count,channel,status,last_contact,email
Oak & Ash Supply Co.,Gifts,Midwest,20,Email,Contacted,2026-08-31,buyer@oakashsupplyco.example.com
Kinfolk Market,Gifts,Southwest,5,Trade show,Replied,2026-09-04,buyer@kinfolkmarket.example.com
Canvas House,Home Goods,South,2,Instagram DM,Contacted,2026-09-06,buyer@canvashouse.example.com
Fable Market,Outdoor,South,12,Referral,Replied,2026-09-30,buyer@fablemarket.example.com
Juniper Boutique,Home Goods,Southwest,1,Email,Not contacted,,buyer@juniperboutique.example.com
Atlas Mercantile,Electronics Accessories,South,1,Referral,Lost,2026-09-25,buyer@atlasmercantile.example.com
Prairie Goods,Gifts,Midwest,12,Cold call,Not contacted,,buyer@prairiegoods.example.com
Juniper Trading,Home Goods,Southwest,8,Cold call,Contacted,2026-08-22,buyer@junipertrading.example.com
Canvas Supply Co.,Home Goods,West,1,Email,Contacted,2026-09-30,buyer@canvassupplyco.example.com
Pine Collective,Outdoor,West,3,LinkedIn,Contacted,2026-08-25,buyer@pinecollective.example.com
Velvet Trading,Beauty,South,1,Cold call,Meeting,2026-10-04,buyer@velvettrading.example.com
Maple Boutique,Apparel,South,1,LinkedIn,Replied,2026-10-02,buyer@mapleboutique.example.com
Lumen Mercantile,Electronics Accessories,West,1,Instagram DM,Replied,2026-09-10,buyer@lumenmercantile.example.com
Canvas Mercantile,Outdoor,South,1,Referral,Not contacted,,buyer@canvasmercantile.example.com
Willow Collective,Gifts,West,4,LinkedIn,Not contacted,,buyer@willowcollective.example.com
Velvet Market,Streetwear,Northeast,1,Instagram DM,Won,2026-09-26,buyer@velvetmarket.example.com
Nomad Market,Beauty,Southwest,1,Trade show,Contacted,2026-10-05,buyer@nomadmarket.example.com
Copper Goods,Apparel,West,12,Trade show,Not contacted,,buyer@coppergoods.example.com
Kinfolk House,Apparel,Southwest,20,LinkedIn,Contacted,2026-09-15,buyer@kinfolkhouse.example.com
Nomad Goods,Electronics Accessories,Southwest,5,Referral,Meeting,2026-09-06,buyer@nomadgoods.example.com
Velvet Mercantile,Beauty,West,1,Instagram DM,Lost,2026-09-29,buyer@velvetmercantile.example.com
Blue Market,Apparel,Midwest,4,Cold call,Contacted,2026-09-07,buyer@bluemarket.example.com
North Supply Co.,Outdoor,Northeast,12,Email,Lost,2026-10-05,buyer@northsupplyco.example.com
Oak & Ash House,Streetwear,Midwest,2,Cold call,Not contacted,,buyer@oakashhouse.example.com
Velvet Outfitters,Home Goods,South,20,Trade show,Meeting,2026-08-26,buyer@velvetoutfitters.example.com
Ember Supply Co.,Electronics Accessories,West,8,Referral,Contacted,2026-09-28,buyer@embersupplyco.example.com
Ember Collective,Apparel,Midwest,4,LinkedIn,Replied,2026-09-30,buyer@embercollective.example.com
Harbor Boutique,Electronics Accessories,Northeast,12,Email,Not contacted,,buyer@harborboutique.example.com
Summit General Store,Apparel,Southwest,1,Cold call,Meeting,2026-09-12,buyer@summitgeneralstore.example.com
Copper Supply Co.,Electronics Accessories,South,12,Trade show,Contacted,2026-08-22,buyer@coppersupplyco.example.com
Riverside Trading,Outdoor,Southwest,12,Trade show,Replied,2026-09-21,buyer@riversidetrading.example.com
Arch Market,Electronics Accessories,Northeast,2,Referral,Contacted,2026-08-27,buyer@archmarket.example.com
Pine Market,Outdoor,West,4,LinkedIn,Won,2026-09-23,buyer@pinemarket.example.com
Urban Goods,Beauty,South,2,LinkedIn,Contacted,2026-09-18,buyer@urbangoods.example.com
Kinfolk Trading,Electronics Accessories,South,4,Email,Contacted,2026-09-07,buyer@kinfolktrading.example.com
Lumen Supply Co.,Apparel,West,2,Trade show,Not contacted,,buyer@lumensupplyco.example.com
Summit Boutique,Outdoor,Southwest,1,Referral,Not contacted,,buyer@summitboutique.example.com
Arch Trading,Electronics Accessories,Midwest,1,Referral,Not contacted,,buyer@archtrading.example.com
Ember Outfitters,Electronics Accessories,South,1,LinkedIn,Replied,2026-09-08,buyer@emberoutfitters.example.com
Velvet Boutique,Gifts,Midwest,1,Instagram DM,Won,2026-09-10,buyer@velvetboutique.example.com
Gateway Goods,Outdoor,West,1,Cold call,Replied,2026-09-26,buyer@gatewaygoods.example.com
Kinfolk Boutique,Home Goods,Northeast,12,Cold call,Contacted,2026-08-24,buyer@kinfolkboutique.example.com
Urban Supply Co.,Outdoor,Northeast,5,Instagram DM,Not contacted,,buyer@urbansupplyco.example.com
Summit Goods,Apparel,South,12,Instagram DM,Replied,2026-09-19,buyer@summitgoods.example.com
Hollow House,Home Goods,South,12,Referral,Not contacted,,buyer@hollowhouse.example.com
Pine Trading,Beauty,Southwest,12,Referral,Not contacted,,buyer@pinetrading.example.com
Atlas Outfitters,Apparel,Southwest,12,Email,Meeting,2026-09-01,buyer@atlasoutfitters.example.com
Canvas Outfitters,Streetwear,Northeast,1,Instagram DM,Contacted,2026-08-28,buyer@canvasoutfitters.example.com
Ember House,Gifts,Midwest,12,Email,Not contacted,,buyer@emberhouse.example.com
Juniper General Store,Outdoor,West,1,Cold call,Contacted,2026-09-02,buyer@junipergeneralstore.example.com
